{"cameraMode":{"drawMode":0,"name":"Shaded","section":"Shading Mode"},"sceneLighting":true,"audioPlay":false,"sceneViewState":{"m_AlwaysRefresh":false,"showFog":true,"showSkybox":true,"showFlares":true,"showImageEffects":true,"showParticleSystems":true,"showVisualEffectGraphs":true,"m_FxEnabled":true},"in2DMode":false,"pivot":{"x":0.16477638483047486,"y":-0.11751778423786164,"z":0.49732324481010439},"rotation":{"x":0.20658476650714875,"y":0.5555118918418884,"z":-0.14476646482944489,"w":0.7923890352249146},"size":0.17042025923728944,"orthographic":true}